{"options":{"check_for_updates":true,"comment":null,"compat_foreach":false,"compat_metadata":false,"compat_powerful_this":null,"compat_prototypes":false,"compat_wrappedjsobject":false,"compatopts_for_requires":true,"noframes":null,"override":{"merge_connects":true,"merge_excludes":true,"merge_includes":true,"merge_matches":true,"orig_excludes":[],"orig_includes":["/^https?://(?:(?:c\\.)?tieba\\.baidu\\.com|www\\.tieba\\.com|dq\\.tieba\\.com|jump2?\\.bdimg\\.com)//"],"orig_matches":[],"orig_noframes":null,"orig_run_at":"document-start","use_blockers":[],"use_connects":[],"use_excludes":[],"use_includes":[],"use_matches":[]},"run_at":null,"tab_types":null},"settings":{"enabled":true,"position":3},"meta":{"name":"Baidu Tieba: No Login","uuid":"ef53b7e7-0fb3-4366-9abe-71e2a7c00ede","modified":1592493050164,"file_url":"https://greasyfork.org/scripts/14151-baidu-tieba-no-login/code/Baidu%20Tieba:%20No%20Login.user.js"}}