{"options":{"check_for_updates":true,"comment":null,"compat_foreach":false,"compat_metadata":false,"compat_powerful_this":null,"compat_prototypes":false,"compat_wrappedjsobject":false,"compatopts_for_requires":true,"noframes":null,"override":{"merge_connects":true,"merge_excludes":true,"merge_includes":true,"merge_matches":true,"orig_excludes":[],"orig_includes":["http*"],"orig_matches":[],"orig_noframes":null,"orig_run_at":"document-idle","use_blockers":[],"use_connects":["upload.wikimedia.org","www.bjfgmodel.com"],"use_excludes":[],"use_includes":[],"use_matches":[]},"run_at":null,"tab_types":null},"settings":{"enabled":true,"position":4},"meta":{"name":"Mouseover Popup Image Viewer","uuid":"868cefc3-fcd6-4ba0-90c4-bfa2253526e3","modified":1592493282818,"file_url":"https://greasyfork.org/scripts/404-mouseover-popup-image-viewer/code/Mouseover%20Popup%20Image%20Viewer.user.js"}}