{"options":{"check_for_updates":true,"comment":null,"compat_foreach":false,"compat_metadata":false,"compat_powerful_this":null,"compat_prototypes":false,"compat_wrappedjsobject":false,"compatopts_for_requires":true,"noframes":null,"override":{"merge_connects":true,"merge_excludes":true,"merge_includes":true,"merge_matches":true,"orig_excludes":[],"orig_includes":["*://*.youku.com/v_*","*://*.iqiyi.com/v_*","*://*.iqiyi.com/w_*","*://*.iqiyi.com/a_*","*://*.le.com/ptv/vplay/*","*://v.qq.com/x/cover/*","*://v.qq.com/x/page/*","*://*.tudou.com/listplay/*","*://*.tudou.com/albumplay/*","*://*.tudou.com/programs/view/*","*://*.mgtv.com/b/*","*://film.sohu.com/album/*","*://tv.sohu.com/v/*","*://*.bilibili.com/anime/*","*://*.bilibili.com/bangumi/play/*","*://*.baofeng.com/play/*.","*://vip.pptv.com/show/*","*://v.pptv.com/show/*","*://showxi.xyz/mov/*","*music.163.com*","*://y.qq.com*","*://www.kugou.com*","*://www.kuwo.cn*","*://www.lizhi.fm*","*://*.ximalaya.com*","*://music.migu.cn*","*://cn.bing.com/","*://cn.bing.com/?FORM=*","*://www.zhihu.com/*","*://www.zhihu.com/*","https://v.vzuu.com/video/*","https://video.zhihu.com/video/*"],"orig_matches":[],"orig_noframes":null,"orig_run_at":"document-idle","use_blockers":[],"use_connects":[],"use_excludes":[],"use_includes":[],"use_matches":[]},"run_at":null,"tab_types":null},"settings":{"enabled":false,"position":10},"meta":{"name":"全网VIP视频免费破解去广告，支持电视剧免跳出选集、全网音乐直接下载、知乎视频下载、必应壁纸下载等多合一纯净脚本","uuid":"50bd6cbc-3651-4407-a8df-3268cf257cca","modified":1623727175270,"file_url":"https://greasyfork.org/scripts/390952-%E5%85%A8%E7%BD%91vip%E8%A7%86%E9%A2%91%E5%85%8D%E8%B4%B9%E7%A0%B4%E8%A7%A3%E5%8E%BB%E5%B9%BF%E5%91%8A-%E6%94%AF%E6%8C%81%E7%94%B5%E8%A7%86%E5%89%A7%E5%85%8D%E8%B7%B3%E5%87%BA%E9%80%89%E9%9B%86-%E5%85%A8%E7%BD%91%E9%9F%B3%E4%B9%90%E7%9B%B4%E6%8E%A5%E4%B8%8B%E8%BD%BD-%E7%9F%A5%E4%B9%8E%E8%A7%86%E9%A2%91%E4%B8%8B%E8%BD%BD-%E5%BF%85%E5%BA%94%E5%A3%81%E7%BA%B8%E4%B8%8B%E8%BD%BD%E7%AD%89%E5%A4%9A%E5%90%88%E4%B8%80%E7%BA%AF%E5%87%80%E8%84%9A%E6%9C%AC/code/%E5%85%A8%E7%BD%91VIP%E8%A7%86%E9%A2%91%E5%85%8D%E8%B4%B9%E7%A0%B4%E8%A7%A3%E5%8E%BB%E5%B9%BF%E5%91%8A%EF%BC%8C%E6%94%AF%E6%8C%81%E7%94%B5%E8%A7%86%E5%89%A7%E5%85%8D%E8%B7%B3%E5%87%BA%E9%80%89%E9%9B%86%E3%80%81%E5%85%A8%E7%BD%91%E9%9F%B3%E4%B9%90%E7%9B%B4%E6%8E%A5%E4%B8%8B%E8%BD%BD%E3%80%81%E7%9F%A5%E4%B9%8E%E8%A7%86%E9%A2%91%E4%B8%8B%E8%BD%BD%E3%80%81%E5%BF%85%E5%BA%94%E5%A3%81%E7%BA%B8%E4%B8%8B%E8%BD%BD%E7%AD%89%E5%A4%9A%E5%90%88%E4%B8%80%E7%BA%AF%E5%87%80%E8%84%9A%E6%9C%AC.user.js"}}