{"options":{"check_for_updates":true,"comment":null,"compat_foreach":false,"compat_metadata":false,"compat_powerful_this":null,"compat_prototypes":false,"compat_wrappedjsobject":false,"compatopts_for_requires":true,"noframes":null,"override":{"merge_connects":true,"merge_excludes":true,"merge_includes":true,"merge_matches":true,"orig_excludes":[],"orig_includes":[],"orig_matches":["https://*.zhihu.com/*","https://v.vzuu.com/video/*","https://video.zhihu.com/video/*","*://item.taobao.com/*","*://*detail.tmall.com/*","*://*detail.tmall.hk/*","*://*product.suning.com/*","*://*item.jd.com/*","*://*detail.vip.com/*","*://*mobile.yangkeduo.com/goods*"],"orig_noframes":null,"orig_run_at":"document-end","use_blockers":[],"use_connects":[],"use_excludes":[],"use_includes":[],"use_matches":[]},"run_at":null,"tab_types":null},"settings":{"enabled":false,"position":2},"meta":{"name":"知乎网页助手","uuid":"d69791fd-cf27-4129-8706-c421f2c46c1c","modified":1612635419770,"file_url":"https://greasyfork.org/scripts/384172-%E7%9F%A5%E4%B9%8E%E7%BD%91%E9%A1%B5%E5%8A%A9%E6%89%8B/code/%E7%9F%A5%E4%B9%8E%E7%BD%91%E9%A1%B5%E5%8A%A9%E6%89%8B.user.js"}}