{"options":{"check_for_updates":true,"comment":null,"compat_foreach":false,"compat_metadata":false,"compat_powerful_this":null,"compat_prototypes":false,"compat_wrappedjsobject":false,"compatopts_for_requires":true,"noframes":null,"override":{"merge_connects":true,"merge_excludes":true,"merge_includes":true,"merge_matches":true,"orig_excludes":["*://*.bilibili.com/blackboard/*"],"orig_includes":[],"orig_matches":["*://*.iqiyi.com/*","*://*.youku.com/*","*://*.le.com/*","*://*.letv.com/*","*://v.qq.com/*","*://*.tudou.com/*","*://*.mgtv.com/*","*://film.sohu.com/*","*://tv.sohu.com/*","*://*.acfun.cn/*","*://*.bilibili.com/*","*://vip.1905.com/play/*","*://*.pptv.com/*","*://v.yinyuetai.com/video/*","*://v.yinyuetai.com/playlist/*","*://*.fun.tv/vplay/*","*://*.wasu.cn/Play/show/*","*://*.56.com/*"],"orig_noframes":true,"orig_run_at":"document-idle","use_blockers":[],"use_connects":[],"use_excludes":[],"use_includes":[],"use_matches":[]},"run_at":null,"tab_types":null},"settings":{"enabled":false,"position":8},"meta":{"name":"破解VIP会员视频集合","uuid":"ace5a1a7-07c2-4679-916e-1a8de45a253d","modified":1599142965782,"file_url":"https://greasyfork.org/scripts/27530-%E7%A0%B4%E8%A7%A3vip%E4%BC%9A%E5%91%98%E8%A7%86%E9%A2%91%E9%9B%86%E5%90%88/code/%E7%A0%B4%E8%A7%A3VIP%E4%BC%9A%E5%91%98%E8%A7%86%E9%A2%91%E9%9B%86%E5%90%88.user.js"}}