{"ts":1652610702145,"data":{"rwl_userData":"o{\"status\": 1,\"version\": 0.1,\"message\": \"啦啦啦,啦啦啦,我是卖报的小行家\",\"positionTop\": 105,\"positionLeft\": 0,\"positionRight\": \"auto\",\"addBtn\": true,\"connectToTheServer\": false,\"waitUpload\": [\"dt1.8tupian.com\",\"www.google.com\",\"jingyan.baidu.com\",\"www.hi-linux.com\",\"www.downma.com\",\"proactivationkey.com\",\"ks.wjx.top\",\"www.mafengwo.cn\",\"www.doc88.com\",\"wenku.baidu.com\",\"www.xiegw.cn\",\"doc.comsol.com\",\"kns.cnki.net\",\"www.boqii.com\",\"kns-cnki-net-443.e1.buaa.edu.cn\",\"www.macno1.com\",\"www.zotero.org\",\"www.youtube.com\",\"wulixb.iphy.ac.cn\",\"blog.51cto.com\"],\"currentURL\": \"https://blog.51cto.com/u_15279775/2998807\",\"rules\": {\"rule_def\": {\"name\": \"default\",\"hook_eventNames\": \"contextmenu|select|selectstart|copy|cut|dragstart|mousemove|beforeunload\",\"unhook_eventNames\": \"mousedown|mouseup|keydown|keyup\",\"dom0\": true,\"hook_addEventListener\": true,\"hook_preventDefault\": true,\"hook_set_returnValue\": true,\"add_css\": true},\"rule_plus\": {\"name\": \"default\",\"hook_eventNames\": \"contextmenu|select|selectstart|copy|cut|dragstart|mousedown|mouseup|mousemove|beforeunload\",\"unhook_eventNames\": \"keydown|keyup\",\"dom0\": true,\"hook_addEventListener\": true,\"hook_preventDefault\": true,\"hook_set_returnValue\": true,\"add_css\": true},\"rule_zhihu\": {\"name\": \"default\",\"hook_eventNames\": \"contextmenu|select|selectstart|copy|cut|dragstart|mousemove\",\"unhook_eventNames\": \"keydown|keyup\",\"dom0\": true,\"hook_addEventListener\": true,\"hook_preventDefault\": true,\"hook_set_returnValue\": true,\"add_css\": true}},\"data\": [\"b.faloo.com\",\"bbs.coocaa.com\",\"blog.51cto.com\",\"book.hjsm.tom.com\",\"book.zhulang.com\",\"book.zongheng.com\",\"chokstick.com\",\"chuangshi.qq.com\",\"city.udn.com\",\"cutelisa55.pixnet.net\",\"doc.comsol.com\",\"dt1.8tupian.com\",\"huayu.baidu.com\",\"imac.hk\",\"jingyan.baidu.com\",\"kns-cnki-net-443.e1.buaa.edu.cn\",\"kns.cnki.net\",\"ks.wjx.top\",\"life.tw\",\"luxmuscles.com\",\"movie.douban.com\",\"news.missevan.com\",\"proactivationkey.com\",\"read.qidian.com\",\"vipreader.qidian.com\",\"wenku.baidu.com\",\"wulixb.iphy.ac.cn\",\"www.15yan.com\",\"www.17k.com\",\"www.18183.com\",\"www.360doc.com\",\"www.boqii.com\",\"www.coco01.net\",\"www.doc88.com\",\"www.downma.com\",\"www.eyu.com\",\"www.hi-linux.com\",\"www.hongshu.com\",\"www.hongxiu.com\",\"www.imooc.com\",\"www.jjwxc.net\",\"www.macno1.com\",\"www.mafengwo.cn\",\"www.myhtlmebook.com\",\"www.pigai.org\",\"www.ppkao.com\",\"www.readnovel.com\",\"www.ruiwen.com\",\"www.sdifen.com\",\"www.shangc.net\",\"www.tadu.com\",\"www.xiegw.cn\",\"www.xxsy.net\",\"www.youtube.com\",\"www.z3z4.com\",\"www.zhihu.com\",\"www.zotero.org\",\"yuedu.163.com\"],\"shortcut\": 3}"}}