{"options":{"check_for_updates":true,"comment":null,"compatopts_for_requires":true,"compat_wrappedjsobject":false,"compat_metadata":false,"compat_foreach":false,"compat_prototypes":false,"compat_powerful_this":null,"noframes":null,"unwrap":null,"run_at":null,"tab_types":null,"override":{"use_includes":[],"orig_includes":["*://*.youku.com/v_*","*://*.iqiyi.com/v_*","*://*.iqiyi.com/w_*","*://*.iqiyi.com/a_*","*://*.le.com/ptv/vplay/*","*://v.qq.com/x/cover/*","*://v.qq.com/x/page/*","*://v.qq.com/tv/*","*://*.tudou.com/listplay/*","*://*.tudou.com/albumplay/*","*://*.tudou.com/programs/view/*","*://*.mgtv.com/b/*","*://film.sohu.com/album/*","*://tv.sohu.com/v/*","*://*.baofeng.com/play/*","*://vip.pptv.com/show/*","*://v.pptv.com/show/*","*://www.le.com/ptv/vplay/*","*://www.wasu.cn/Play/show/*","*://*.1905.com/video/*","*://*.1905.com/play/*","*://*.1905.com/*/play/*","*://www.miguvideo.com/mgs/*","*://m.v.qq.com/x/cover/*","*://m.v.qq.com/x/page/*","*://m.v.qq.com/*","*://m.iqiyi.com/v_*","*://m.iqiyi.com/w_*","*://m.iqiyi.com/a_*","*://m.youku.com/alipay_video/*","*://https://m.youku.com/video/id_*","*://m.mgtv.com/b/*","*://m.tv.sohu.com/v/*","*://m.film.sohu.com/album/*","*://m.le.com/ptv/vplay/*","*://m.pptv.com/show/*","*://m.acfun.cn/v/*","*://m.bilibili.com/video/*","*://m.bilibili.com/anime/*","*://m.bilibili.com/bangumi/play/*","*://m.wasu.cn/Play/show/*","*://www.youtube.com","*://www.youtube.com/","*://www.youtube.com/watch*","*://www.facebook.com/*","*://yt1s.com/facebook-downloader","*music.163.com*","*://y.qq.com*","*://www.kugou.com*","*://www.kuwo.cn*","*://www.lizhi.fm*","*://*.ximalaya.com*","*://music.migu.cn*","*://*.taobao.com/*","*://*detail.tmall.com/*","*://*detail.tmall.hk/*","*://*item.jd.com/*","*://item.yiyaojd.com/*","*://npcitem.jd.hk/*","*://www.laisoyixia.com/download/detail**","*://www.xiaozhukuaipan.com/download/**","*://www.baidu.com/*","*://www.so.com/s*","*://www.sogou.com/web*","*://cn.bing.com/search*","*://so.toutiao.com/search*","*://www.bilibili.com/**","*://search.bilibili.com/**","*://space.bilibili.com/**","*://*.zhihu.com/*"],"merge_includes":true,"use_matches":[],"orig_matches":[],"merge_matches":true,"use_excludes":[],"orig_excludes":[],"merge_excludes":true,"use_connects":[],"orig_connects":["tt.shuqiandiqiu.com","api.bilibili.com","api.staticj.top","cdn.jsdelivr.net"],"merge_connects":true,"use_blockers":[],"orig_run_at":"document-idle","orig_noframes":null}},"settings":{"enabled":true,"position":14},"meta":{"name":"解锁B站大会员番剧、B站视频解析下载；全网VIP视频免费破解去广告；全网音乐直接下载；油管、Facebook等国外视频解析下载；网盘搜索引擎破解无限下载等","uuid":"405d4ee9-8494-43b0-8f2a-0add2fa0dd8d","modified":1655778450160,"file_url":"https://greasyfork.org/scripts/418804-%E8%A7%A3%E9%94%81b%E7%AB%99%E5%A4%A7%E4%BC%9A%E5%91%98%E7%95%AA%E5%89%A7-b%E7%AB%99%E8%A7%86%E9%A2%91%E8%A7%A3%E6%9E%90%E4%B8%8B%E8%BD%BD-%E5%85%A8%E7%BD%91vip%E8%A7%86%E9%A2%91%E5%85%8D%E8%B4%B9%E7%A0%B4%E8%A7%A3%E5%8E%BB%E5%B9%BF%E5%91%8A-%E5%85%A8%E7%BD%91%E9%9F%B3%E4%B9%90%E7%9B%B4%E6%8E%A5%E4%B8%8B%E8%BD%BD-%E6%B2%B9%E7%AE%A1-facebook%E7%AD%89%E5%9B%BD%E5%A4%96%E8%A7%86%E9%A2%91%E8%A7%A3%E6%9E%90%E4%B8%8B%E8%BD%BD-%E7%BD%91%E7%9B%98%E6%90%9C%E7%B4%A2%E5%BC%95%E6%93%8E%E7%A0%B4%E8%A7%A3%E6%97%A0%E9%99%90%E4%B8%8B%E8%BD%BD%E7%AD%89/code/%E8%A7%A3%E9%94%81B%E7%AB%99%E5%A4%A7%E4%BC%9A%E5%91%98%E7%95%AA%E5%89%A7%E3%80%81B%E7%AB%99%E8%A7%86%E9%A2%91%E8%A7%A3%E6%9E%90%E4%B8%8B%E8%BD%BD%EF%BC%9B%E5%85%A8%E7%BD%91VIP%E8%A7%86%E9%A2%91%E5%85%8D%E8%B4%B9%E7%A0%B4%E8%A7%A3%E5%8E%BB%E5%B9%BF%E5%91%8A%EF%BC%9B%E5%85%A8%E7%BD%91%E9%9F%B3%E4%B9%90%E7%9B%B4%E6%8E%A5%E4%B8%8B%E8%BD%BD%EF%BC%9B%E6%B2%B9%E7%AE%A1%E3%80%81Facebook%E7%AD%89%E5%9B%BD%E5%A4%96%E8%A7%86%E9%A2%91%E8%A7%A3%E6%9E%90%E4%B8%8B%E8%BD%BD%EF%BC%9B%E7%BD%91%E7%9B%98%E6%90%9C%E7%B4%A2%E5%BC%95%E6%93%8E%E7%A0%B4%E8%A7%A3%E6%97%A0%E9%99%90%E4%B8%8B%E8%BD%BD%E7%AD%89.user.js"}}